{"scope.version":"2","timeline.animationMode":"proMode","viewport.width":1000,"viewport.height":400,"library.openDirectories":[],"library.GroupsPath":{},"library.downloadedAssets":{},"timeline.loopPreview":true,"publish.local.location":"C:\\Users\\enghu\\OneDrive\\文件\\xxx\\ads\\","publish.local.name":"ads","publish.local.flatten":true,"publish.local.minify":true,"publish.local.inlineFiles":true,"publish.local.createZip":true,"publish.local.politeLoad":true,"publish.local.exportMozilla":true,"publish.local.exportWebkit":true,"publish.local.unpackGroups":true,"publish.local.borderColor":"rgba(0,0,0,1)","publish.local.addBorder":false}