{"scope.version":"2","timeline.animationMode":"quickMode","viewport.width":480,"viewport.height":250,"library.openDirectories":[],"library.GroupsPath":{},"library.downloadedAssets":{},"design.zoom":1.69,"publish.local.location":"C:\\Users\\CNU\\Documents\\wk13-ads\\","publish.local.name":"wk13-ads","publish.local.flatten":true,"publish.local.minify":true,"publish.local.inlineFiles":true,"publish.local.createZip":false,"publish.local.politeLoad":true,"publish.local.exportMozilla":true,"publish.local.exportWebkit":true,"publish.local.unpackGroups":true,"publish.local.borderColor":"rgba(0,0,0,1)","publish.local.addBorder":false}