{"scope.version":"2","timeline.animationMode":"proMode","viewport.width":300,"viewport.height":250,"library.openDirectories":[],"library.GroupsPath":{},"library.downloadedAssets":{},"design.zoom":2.25,"publish.local.location":"{fileRoot}/","publish.local.name":"ani-wk13-audio","publish.local.flatten":true,"publish.local.minify":true,"publish.local.inlineFiles":true,"publish.local.createZip":false,"publish.local.politeLoad":true,"publish.local.exportMozilla":true,"publish.local.exportWebkit":true,"publish.local.unpackGroups":true,"publish.local.borderColor":"rgba(0,0,0,1)","publish.local.addBorder":false,"":false,"eventsPanel.layout":"{\"targetColumnWidth\":115,\"typeColumnWidth\":68,\"actionColumnWidth\":74,\"eventScope\":0}"}