{"scope.version":"2","template.metadata":{"label":"Standard Banner Static","adData":{"platforms":[0],"networks":[4],"features":[],"verticals":[],"adTypes":[0],"components":[]},"dynamicSchema":"","dimensions":[{"responsive":true}],"usageData":{"creationTimeMs":1529610321000},"thumbnail":"thumbnail.svg","links":[]},"timeline.animationMode":"proMode","viewport.width":633,"viewport.height":97,"publish.local.flatten":true,"publish.local.minify":true,"publish.local.inlineFiles":false,"publish.local.createZip":false,"publish.local.politeLoad":false,"publish.local.exportMozilla":true,"publish.local.exportWebkit":true,"publish.local.unpackGroups":true,"publish.local.addBorder":true,"publish.local.useLightBorder":false,"publish.local.borderColor":"rgba(0,0,0,1)","publish.drive.flatten":true,"publish.drive.minify":true,"publish.drive.inlineFiles":false,"publish.drive.createZip":true,"publish.drive.politeLoad":false,"publish.drive.exportMozilla":true,"publish.drive.exportWebkit":true,"publish.drive.unpackGroups":true,"publish.drive.addBorder":false,"publish.drive.useLightBorder":false,"publish.drive.borderColor":"rgba(0,0,0,1)","publish.studio.flatten":true,"publish.studio.minify":true,"publish.studio.inlineFiles":false,"publish.studio.createZip":true,"publish.studio.politeLoad":false,"publish.studio.exportMozilla":true,"publish.studio.exportWebkit":true,"publish.studio.unpackGroups":true,"publish.studio.addBorder":false,"publish.studio.useLightBorder":false,"publish.studio.borderColor":"rgba(0,0,0,1)","library.panelWidth":226,"library.columnWidths":[],"library.openDirectories":[],"library.GroupsPath":[],"library.downloadedAssets":[],"color.customColorPalettes":[],"timeline.showOnlyAnimatedLayers":false,"viewport.recentSizes":"[{\"label\":\"\",\"Ked\":\"300 x 250\",\"width\":300,\"height\":250},{\"label\":\"\",\"Ked\":\"320 x 50\",\"width\":320,\"height\":50},{\"label\":\"\",\"Ked\":\"320 x 100\",\"width\":320,\"height\":100},{\"label\":\"\",\"Ked\":\"468 x 60\",\"width\":468,\"height\":60},{\"label\":\"\",\"Ked\":\"160 x 600\",\"width\":160,\"height\":600}]","publish.local.location":"C:\\Users\\CNU\\Documents\\response\\","publish.local.name":"response"}