{"scope.version":"2","timeline.animationMode":"quickMode","viewport.width":300,"viewport.height":250,"library.openDirectories":[],"library.GroupsPath":{},"library.downloadedAssets":{},"publish.local.location":"C:\\Users\\CNU\\Documents\\wk015\\","publish.local.name":"wk015","publish.local.flatten":true,"publish.local.minify":true,"publish.local.inlineFiles":true,"publish.local.createZip":false,"publish.local.politeLoad":true,"publish.local.exportMozilla":true,"publish.local.exportWebkit":true,"publish.local.unpackGroups":true,"publish.local.borderColor":"rgba(0,0,0,1)","publish.local.addBorder":false}