{"scope.version":"2","timeline.animationMode":"proMode","viewport.width":800,"viewport.height":310,"library.openDirectories":[],"library.GroupsPath":{},"library.downloadedAssets":{},"timeline.loopPreview":true,"publish.local.location":"C:\\Users\\Public\\Videos\\Sample Videos\\wk12\\","publish.local.name":"wk12","publish.local.flatten":true,"publish.local.minify":true,"publish.local.inlineFiles":true,"publish.local.createZip":false,"publish.local.politeLoad":true,"publish.local.exportMozilla":true,"publish.local.exportWebkit":true,"publish.local.unpackGroups":true,"publish.local.borderColor":"rgba(0,0,0,1)","publish.local.addBorder":false}